stock_return,expense_ratio,trade_cost_bps,tax_drag,fixed_cost,account,net_return_rate,fixed_costs,expected_net_gain,expected_real_gain,expected_gain_vs_tbills,fee_saved_vs_robo,breakeven_account_nominal,breakeven_account_vs_robo
0.03,0.0005,2.0,0.0,0.0,100000,0.03347890141818777,0.0,3347.8901418187766,847.8901418187767,-152.1098581812236,250.0,0.0,0.0
0.03,0.0005,2.0,0.0,60.0,100000,0.03347890141818777,60.0,3287.8901418187766,787.8901418187767,-212.1098581812236,190.0,1792.173502067316,24000.0
0.03,0.0005,2.0,0.0,600.0,100000,0.03347890141818777,600.0,2747.8901418187766,247.89014181877667,-752.1098581812236,-350.0,17921.735020673157,240000.0
0.03,0.0005,2.0,0.008,0.0,100000,0.025478901418187767,0.0,2547.8901418187766,47.8901418187766,-112.10985818122347,250.0,0.0,0.0
0.03,0.0005,2.0,0.008,60.0,100000,0.025478901418187767,60.0,2487.8901418187766,-12.109858181223402,-172.10985818122347,190.0,2354.889601212155,24000.0
0.03,0.0005,2.0,0.008,600.0,100000,0.025478901418187767,600.0,1947.8901418187766,-552.1098581812234,-712.1098581812234,-350.0,23548.89601212155,240000.0
0.03,0.0005,10.0,0.0,0.0,100000,0.033394507090938844,0.0,3339.450709093884,839.4507090938843,-160.54929090611597,250.0,0.0,0.0
0.03,0.0005,10.0,0.0,60.0,100000,0.033394507090938844,60.0,3279.450709093884,779.4507090938843,-220.54929090611597,190.0,1796.7026683942343,24000.0
0.03,0.0005,10.0,0.0,600.0,100000,0.033394507090938844,600.0,2739.450709093884,239.45070909388426,-760.549290906116,-350.0,17967.026683942342,240000.0
0.03,0.0005,10.0,0.008,0.0,100000,0.025394507090938843,0.0,2539.450709093884,39.45070909388421,-120.54929090611587,250.0,0.0,0.0
0.03,0.0005,10.0,0.008,60.0,100000,0.025394507090938843,60.0,2479.450709093884,-20.549290906115793,-180.54929090611586,190.0,2362.7156764704023,24000.0
0.03,0.0005,10.0,0.008,600.0,100000,0.025394507090938843,600.0,1939.4507090938841,-560.5492909061157,-720.5492909061159,-350.0,23627.156764704025,240000.0
0.03,0.0008,2.0,0.0,0.0,100000,0.033178901418187766,0.0,3317.8901418187766,817.8901418187764,-182.10985818122376,250.0,0.0,0.0
0.03,0.0008,2.0,0.0,60.0,100000,0.033178901418187766,60.0,3257.8901418187766,757.8901418187764,-242.10985818122376,190.0,1808.3781389792985,24000.0
0.03,0.0008,2.0,0.0,600.0,100000,0.033178901418187766,600.0,2717.8901418187766,217.89014181877644,-782.1098581812238,-350.0,18083.781389792985,240000.0
0.03,0.0008,2.0,0.008,0.0,100000,0.025178901418187766,0.0,2517.8901418187766,17.890141818776435,-142.10985818122364,250.0,0.0,0.0
0.03,0.0008,2.0,0.008,60.0,100000,0.025178901418187766,60.0,2457.8901418187766,-42.109858181223565,-202.10985818122364,190.0,2382.947492564529,24000.0
0.03,0.0008,2.0,0.008,600.0,100000,0.025178901418187766,600.0,1917.8901418187766,-582.1098581812236,-742.1098581812237,-350.0,23829.47492564529,240000.0
0.03,0.0008,10.0,0.0,0.0,100000,0.03309450709093884,0.0,3309.450709093884,809.450709093884,-190.54929090611614,250.0,0.0,0.0
0.03,0.0008,10.0,0.0,60.0,100000,0.03309450709093884,60.0,3249.450709093884,749.450709093884,-250.54929090611614,190.0,1812.98968542208,24000.0
0.03,0.0008,10.0,0.0,600.0,100000,0.03309450709093884,600.0,2709.450709093884,209.45070909388403,-790.5492909061161,-350.0,18129.8968542208,240000.0
0.03,0.0008,10.0,0.008,0.0,100000,0.025094507090938842,0.0,2509.450709093884,9.450709093884042,-150.54929090611603,250.0,0.0,0.0
0.03,0.0008,10.0,0.008,60.0,100000,0.025094507090938842,60.0,2449.450709093884,-50.54929090611596,-210.54929090611603,190.0,2390.961487411119,24000.0
0.03,0.0008,10.0,0.008,600.0,100000,0.025094507090938842,600.0,1909.4507090938841,-590.549290906116,-750.5492909061161,-350.0,23909.614874111187,240000.0
0.03,0.003,2.0,0.0,0.0,100000,0.030978901418187772,0.0,3097.890141818777,597.8901418187771,-402.1098581812231,250.0,0.0,0.0
0.03,0.003,2.0,0.0,60.0,100000,0.030978901418187772,60.0,3037.890141818777,537.8901418187771,-462.1098581812231,190.0,1936.8020573116219,24000.0
0.03,0.003,2.0,0.0,600.0,100000,0.030978901418187772,600.0,2497.890141818777,-2.109858181222876,-1002.1098581812231,-350.0,19368.02057311622,240000.0
0.03,0.003,2.0,0.008,0.0,100000,0.022978901418187772,0.0,2297.890141818777,-202.10985818122293,-362.109858181223,250.0,0.0,0.0
0.03,0.003,2.0,0.008,60.0,100000,0.022978901418187772,60.0,2237.890141818777,-262.10985818122293,-422.109858181223,190.0,2611.090883244317,24000.0
0.03,0.003,2.0,0.008,600.0,100000,0.022978901418187772,600.0,1697.890141818777,-802.109858181223,-962.109858181223,-350.0,26110.908832443172,240000.0
0.03,0.003,10.0,0.0,0.0,100000,0.030894507090938845,0.0,3089.4507090938846,589.4507090938844,-410.54929090611586,250.0,0.0,0.0
0.03,0.003,10.0,0.0,60.0,100000,0.030894507090938845,60.0,3029.4507090938846,529.4507090938844,-470.54929090611586,190.0,1942.092807093129,24000.0
0.03,0.003,10.0,0.0,600.0,100000,0.030894507090938845,600.0,2489.4507090938846,-10.54929090611563,-1010.5492909061159,-350.0,19420.92807093129,240000.0
0.03,0.003,10.0,0.008,0.0,100000,0.022894507090938845,0.0,2289.4507090938846,-210.54929090611566,-370.54929090611574,250.0,0.0,0.0
0.03,0.003,10.0,0.008,60.0,100000,0.022894507090938845,60.0,2229.4507090938846,-270.54929090611563,-430.54929090611574,190.0,2620.715954341149,24000.0
0.03,0.003,10.0,0.008,600.0,100000,0.022894507090938845,600.0,1689.4507090938846,-810.5492909061156,-970.5492909061157,-350.0,26207.15954341149,240000.0
0.05,0.0005,2.0,0.0,0.0,100000,0.045478901418187764,0.0,4547.890141818776,2047.8901418187763,1047.890141818776,250.0,0.0,0.0
0.05,0.0005,2.0,0.0,60.0,100000,0.045478901418187764,60.0,4487.890141818776,1987.8901418187763,987.8901418187761,190.0,1319.2930816047594,24000.0
0.05,0.0005,2.0,0.0,600.0,100000,0.045478901418187764,600.0,3947.890141818776,1447.8901418187763,447.8901418187761,-350.0,13192.930816047594,240000.0
0.05,0.0005,2.0,0.008,0.0,100000,0.037478901418187764,0.0,3747.8901418187766,1247.8901418187763,1087.890141818776,250.0,0.0,0.0
0.05,0.0005,2.0,0.008,60.0,100000,0.037478901418187764,60.0,3687.8901418187766,1187.8901418187763,1027.890141818776,190.0,1600.9007129243973,24000.0
0.05,0.0005,2.0,0.008,600.0,100000,0.037478901418187764,600.0,3147.8901418187766,647.8901418187763,487.8901418187761,-350.0,16009.007129243973,240000.0
0.05,0.0005,10.0,0.0,0.0,100000,0.04539450709093884,0.0,4539.450709093884,2039.450709093884,1039.4507090938837,250.0,0.0,0.0
0.05,0.0005,10.0,0.0,60.0,100000,0.04539450709093884,60.0,4479.450709093884,1979.450709093884,979.4507090938837,190.0,1321.7458200350534,24000.0
0.05,0.0005,10.0,0.0,600.0,100000,0.04539450709093884,600.0,3939.450709093884,1439.450709093884,439.4507090938837,-350.0,13217.458200350533,240000.0
0.05,0.0005,10.0,0.008,0.0,100000,0.03739450709093884,0.0,3739.450709093884,1239.450709093884,1079.450709093884,250.0,0.0,0.0
0.05,0.0005,10.0,0.008,60.0,100000,0.03739450709093884,60.0,3679.450709093884,1179.450709093884,1019.4507090938839,190.0,1604.5137285561054,24000.0
0.05,0.0005,10.0,0.008,600.0,100000,0.03739450709093884,600.0,3139.450709093884,639.4507090938839,479.4507090938839,-350.0,16045.137285561053,240000.0
0.05,0.0008,2.0,0.0,0.0,100000,0.04517890141818776,0.0,4517.890141818776,2017.890141818776,1017.890141818776,250.0,0.0,0.0
0.05,0.0008,2.0,0.0,60.0,100000,0.04517890141818776,60.0,4457.890141818776,1957.890141818776,957.890141818776,190.0,1328.05354084696,24000.0
0.05,0.0008,2.0,0.0,600.0,100000,0.04517890141818776,600.0,3917.890141818776,1417.890141818776,417.890141818776,-350.0,13280.5354084696,240000.0
0.05,0.0008,2.0,0.008,0.0,100000,0.03717890141818776,0.0,3717.890141818776,1217.890141818776,1057.890141818776,250.0,0.0,0.0
0.05,0.0008,2.0,0.008,60.0,100000,0.03717890141818776,60.0,3657.890141818776,1157.890141818776,997.8901418187761,190.0,1613.8185290931767,24000.0
0.05,0.0008,2.0,0.008,600.0,100000,0.03717890141818776,600.0,3117.890141818776,617.8901418187761,457.8901418187761,-350.0,16138.185290931768,240000.0
0.05,0.0008,10.0,0.0,0.0,100000,0.04509450709093884,0.0,4509.450709093884,2009.4507090938837,1009.4507090938836,250.0,0.0,0.0
0.05,0.0008,10.0,0.0,60.0,100000,0.04509450709093884,60.0,4449.450709093884,1949.4507090938837,949.4507090938836,190.0,1330.5389917890072,24000.0
0.05,0.0008,10.0,0.0,600.0,100000,0.04509450709093884,600.0,3909.450709093884,1409.4507090938837,409.4507090938836,-350.0,13305.389917890072,240000.0
0.05,0.0008,10.0,0.008,0.0,100000,0.03709450709093884,0.0,3709.4507090938837,1209.4507090938837,1049.4507090938837,250.0,0.0,0.0
0.05,0.0008,10.0,0.008,60.0,100000,0.03709450709093884,60.0,3649.4507090938837,1149.4507090938837,989.4507090938837,190.0,1617.490154348387,24000.0
0.05,0.0008,10.0,0.008,600.0,100000,0.03709450709093884,600.0,3109.4507090938837,609.4507090938837,449.4507090938837,-350.0,16174.901543483871,240000.0
0.05,0.003,2.0,0.0,0.0,100000,0.04297890141818776,0.0,4297.890141818776,1797.890141818776,797.8901418187759,250.0,0.0,0.0
0.05,0.003,2.0,0.0,60.0,100000,0.04297890141818776,60.0,4237.890141818776,1737.890141818776,737.8901418187759,190.0,1396.033821716282,24000.0
0.05,0.003,2.0,0.0,600.0,100000,0.04297890141818776,600.0,3697.890141818776,1197.890141818776,197.89014181877587,-350.0,13960.338217162822,240000.0
0.05,0.003,2.0,0.008,0.0,100000,0.03497890141818776,0.0,3497.890141818776,997.8901418187761,837.890141818776,250.0,0.0,0.0
0.05,0.003,2.0,0.008,60.0,100000,0.03497890141818776,60.0,3437.890141818776,937.8901418187761,777.890141818776,190.0,1715.3197375376167,24000.0
0.05,0.003,2.0,0.008,600.0,100000,0.03497890141818776,600.0,2897.890141818776,397.8901418187761,237.890141818776,-350.0,17153.197375376167,240000.0
0.05,0.003,10.0,0.0,0.0,100000,0.04289450709093884,0.0,4289.450709093884,1789.4507090938837,789.4507090938835,250.0,0.0,0.0
0.05,0.003,10.0,0.0,60.0,100000,0.04289450709093884,60.0,4229.450709093884,1729.4507090938837,729.4507090938835,190.0,1398.780498230147,24000.0
0.05,0.003,10.0,0.0,600.0,100000,0.04289450709093884,600.0,3689.450709093884,1189.4507090938837,189.45070909388346,-350.0,13987.80498230147,240000.0
0.05,0.003,10.0,0.008,0.0,100000,0.03489450709093884,0.0,3489.4507090938837,989.4507090938837,829.4507090938836,250.0,0.0,0.0
0.05,0.003,10.0,0.008,60.0,100000,0.03489450709093884,60.0,3429.4507090938837,929.4507090938837,769.4507090938836,190.0,1719.4683347620744,24000.0
0.05,0.003,10.0,0.008,600.0,100000,0.03489450709093884,600.0,2889.4507090938837,389.4507090938837,229.45070909388357,-350.0,17194.683347620743,240000.0
0.065,0.0005,2.0,0.0,0.0,100000,0.054478901418187765,0.0,5447.890141818776,2947.8901418187766,1947.890141818776,250.0,0.0,0.0
0.065,0.0005,2.0,0.0,60.0,100000,0.054478901418187765,60.0,5387.890141818776,2887.8901418187766,1887.890141818776,190.0,1101.343794351349,24000.0
0.065,0.0005,2.0,0.0,600.0,100000,0.054478901418187765,600.0,4847.890141818776,2347.8901418187766,1347.890141818776,-350.0,11013.437943513489,240000.0
0.065,0.0005,2.0,0.008,0.0,100000,0.046478901418187765,0.0,4647.890141818776,2147.8901418187766,1987.8901418187763,250.0,0.0,0.0
0.065,0.0005,2.0,0.008,60.0,100000,0.046478901418187765,60.0,4587.890141818776,2087.8901418187766,1927.8901418187763,190.0,1290.9083082699813,24000.0
0.065,0.0005,2.0,0.008,600.0,100000,0.046478901418187765,600.0,4047.890141818776,1547.8901418187766,1387.8901418187763,-350.0,12909.083082699812,240000.0
0.065,0.0005,10.0,0.0,0.0,100000,0.05439450709093884,0.0,5439.450709093884,2939.450709093884,1939.450709093884,250.0,0.0,0.0
0.065,0.0005,10.0,0.0,60.0,100000,0.05439450709093884,60.0,5379.450709093884,2879.450709093884,1879.450709093884,190.0,1103.0525545472758,24000.0
0.065,0.0005,10.0,0.0,600.0,100000,0.05439450709093884,600.0,4839.450709093884,2339.450709093884,1339.450709093884,-350.0,11030.52554547276,240000.0
0.065,0.0005,10.0,0.008,0.0,100000,0.04639450709093884,0.0,4639.450709093884,2139.450709093884,1979.450709093884,250.0,0.0,0.0
0.065,0.0005,10.0,0.008,60.0,100000,0.04639450709093884,60.0,4579.450709093884,2079.450709093884,1919.450709093884,190.0,1293.2565461336349,24000.0
0.065,0.0005,10.0,0.008,600.0,100000,0.04639450709093884,600.0,4039.450709093884,1539.4507090938841,1379.450709093884,-350.0,12932.56546133635,240000.0
0.065,0.0008,2.0,0.0,0.0,100000,0.054178901418187764,0.0,5417.890141818776,2917.890141818776,1917.890141818776,250.0,0.0,0.0
0.065,0.0008,2.0,0.0,60.0,100000,0.054178901418187764,60.0,5357.890141818776,2857.890141818776,1857.890141818776,190.0,1107.4421671432804,24000.0
0.065,0.0008,2.0,0.0,600.0,100000,0.054178901418187764,600.0,4817.890141818776,2317.890141818776,1317.890141818776,-350.0,11074.421671432803,240000.0
0.065,0.0008,2.0,0.008,0.0,100000,0.046178901418187764,0.0,4617.890141818776,2117.890141818776,1957.890141818776,250.0,0.0,0.0
0.065,0.0008,2.0,0.008,60.0,100000,0.046178901418187764,60.0,4557.890141818776,2057.890141818776,1897.890141818776,190.0,1299.294659624985,24000.0
0.065,0.0008,2.0,0.008,600.0,100000,0.046178901418187764,600.0,4017.890141818776,1517.890141818776,1357.890141818776,-350.0,12992.946596249849,240000.0
0.065,0.0008,10.0,0.0,0.0,100000,0.05409450709093884,0.0,5409.450709093884,2909.4507090938837,1909.4507090938837,250.0,0.0,0.0
0.065,0.0008,10.0,0.0,60.0,100000,0.05409450709093884,60.0,5349.450709093884,2849.4507090938837,1849.4507090938837,190.0,1109.1699181052409,24000.0
0.065,0.0008,10.0,0.0,600.0,100000,0.05409450709093884,600.0,4809.450709093884,2309.4507090938837,1309.4507090938837,-350.0,11091.699181052409,240000.0
0.065,0.0008,10.0,0.008,0.0,100000,0.04609450709093884,0.0,4609.450709093884,2109.4507090938837,1949.4507090938837,250.0,0.0,0.0
0.065,0.0008,10.0,0.008,60.0,100000,0.04609450709093884,60.0,4549.450709093884,2049.4507090938837,1889.4507090938837,190.0,1301.673535235496,24000.0
0.065,0.0008,10.0,0.008,600.0,100000,0.04609450709093884,600.0,4009.450709093884,1509.4507090938837,1349.4507090938837,-350.0,13016.735352354961,240000.0
0.065,0.003,2.0,0.0,0.0,100000,0.05197890141818776,0.0,5197.890141818776,2697.890141818776,1697.8901418187759,250.0,0.0,0.0
0.065,0.003,2.0,0.0,60.0,100000,0.05197890141818776,60.0,5137.890141818776,2637.890141818776,1637.8901418187759,190.0,1154.314507674562,24000.0
0.065,0.003,2.0,0.0,600.0,100000,0.05197890141818776,600.0,4597.890141818776,2097.890141818776,1097.8901418187759,-350.0,11543.14507674562,240000.0
0.065,0.003,2.0,0.008,0.0,100000,0.04397890141818776,0.0,4397.890141818776,1897.890141818776,1737.890141818776,250.0,0.0,0.0
0.065,0.003,2.0,0.008,60.0,100000,0.04397890141818776,60.0,4337.890141818776,1837.890141818776,1677.890141818776,190.0,1364.2905589994252,24000.0
0.065,0.003,2.0,0.008,600.0,100000,0.04397890141818776,600.0,3797.890141818776,1297.890141818776,1137.890141818776,-350.0,13642.905589994252,240000.0
0.065,0.003,10.0,0.0,0.0,100000,0.05189450709093884,0.0,5189.450709093884,2689.4507090938837,1689.4507090938837,250.0,0.0,0.0
0.065,0.003,10.0,0.0,60.0,100000,0.05189450709093884,60.0,5129.450709093884,2629.4507090938837,1629.4507090938837,190.0,1156.1917313302015,24000.0
0.065,0.003,10.0,0.0,600.0,100000,0.05189450709093884,600.0,4589.450709093884,2089.4507090938837,1089.4507090938837,-350.0,11561.917313302016,240000.0
0.065,0.003,10.0,0.008,0.0,100000,0.04389450709093884,0.0,4389.450709093884,1889.4507090938837,1729.4507090938837,250.0,0.0,0.0
0.065,0.003,10.0,0.008,60.0,100000,0.04389450709093884,60.0,4329.450709093884,1829.4507090938837,1669.4507090938837,190.0,1366.9136294364682,24000.0
0.065,0.003,10.0,0.008,600.0,100000,0.04389450709093884,600.0,3789.450709093884,1289.4507090938837,1129.4507090938837,-350.0,13669.136294364682,240000.0
0.08,0.0005,2.0,0.0,0.0,100000,0.06347890141818777,0.0,6347.890141818777,3847.8901418187766,2847.890141818776,250.0,0.0,0.0
0.08,0.0005,2.0,0.0,60.0,100000,0.06347890141818777,60.0,6287.890141818777,3787.8901418187766,2787.890141818776,190.0,945.195941636271,24000.0
0.08,0.0005,2.0,0.0,600.0,100000,0.06347890141818777,600.0,5747.890141818777,3247.8901418187766,2247.890141818776,-350.0,9451.95941636271,240000.0
0.08,0.0005,2.0,0.008,0.0,100000,0.055478901418187766,0.0,5547.890141818777,3047.8901418187766,2887.8901418187766,250.0,0.0,0.0
0.08,0.0005,2.0,0.008,60.0,100000,0.055478901418187766,60.0,5487.890141818777,2987.8901418187766,2827.8901418187766,190.0,1081.4922153510788,24000.0
0.08,0.0005,2.0,0.008,600.0,100000,0.055478901418187766,600.0,4947.890141818777,2447.8901418187766,2287.8901418187766,-350.0,10814.922153510788,240000.0
0.08,0.0005,10.0,0.0,0.0,100000,0.06339450709093884,0.0,6339.450709093884,3839.450709093884,2839.450709093884,250.0,0.0,0.0
0.08,0.0005,10.0,0.0,60.0,100000,0.06339450709093884,60.0,6279.450709093884,3779.450709093884,2779.450709093884,190.0,946.454239543665,24000.0
0.08,0.0005,10.0,0.0,600.0,100000,0.06339450709093884,600.0,5739.450709093884,3239.450709093884,2239.450709093884,-350.0,9464.54239543665,240000.0
0.08,0.0005,10.0,0.008,0.0,100000,0.05539450709093884,0.0,5539.450709093884,3039.450709093884,2879.450709093884,250.0,0.0,0.0
0.08,0.0005,10.0,0.008,60.0,100000,0.05539450709093884,60.0,5479.450709093884,2979.450709093884,2819.450709093884,190.0,1083.1398842758997,24000.0
0.08,0.0005,10.0,0.008,600.0,100000,0.05539450709093884,600.0,4939.450709093884,2439.450709093884,2279.450709093884,-350.0,10831.398842758996,240000.0
0.08,0.0008,2.0,0.0,0.0,100000,0.06317890141818777,0.0,6317.890141818777,3817.890141818777,2817.890141818777,250.0,0.0,0.0
0.08,0.0008,2.0,0.0,60.0,100000,0.06317890141818777,60.0,6257.890141818777,3757.890141818777,2757.890141818777,190.0,949.6841295617616,24000.0
0.08,0.0008,2.0,0.0,600.0,100000,0.06317890141818777,600.0,5717.890141818777,3217.890141818777,2217.890141818777,-350.0,9496.841295617616,240000.0
0.08,0.0008,2.0,0.008,0.0,100000,0.05517890141818777,0.0,5517.890141818777,3017.890141818777,2857.890141818777,250.0,0.0,0.0
0.08,0.0008,2.0,0.008,60.0,100000,0.05517890141818777,60.0,5457.890141818777,2957.890141818777,2797.890141818777,190.0,1087.3721378625187,24000.0
0.08,0.0008,2.0,0.008,600.0,100000,0.05517890141818777,600.0,4917.890141818777,2417.890141818777,2257.890141818777,-350.0,10873.721378625187,240000.0
0.08,0.0008,10.0,0.0,0.0,100000,0.06309450709093885,0.0,6309.450709093885,3809.4507090938846,2809.4507090938846,250.0,0.0,0.0
0.08,0.0008,10.0,0.0,60.0,100000,0.06309450709093885,60.0,6249.450709093885,3749.4507090938846,2749.4507090938846,190.0,950.954413726084,24000.0
0.08,0.0008,10.0,0.0,600.0,100000,0.06309450709093885,600.0,5709.450709093885,3209.4507090938846,2209.4507090938846,-350.0,9509.54413726084,240000.0
0.08,0.0008,10.0,0.008,0.0,100000,0.05509450709093885,0.0,5509.450709093885,3009.4507090938846,2849.4507090938846,250.0,0.0,0.0
0.08,0.0008,10.0,0.008,60.0,100000,0.05509450709093885,60.0,5449.450709093885,2949.4507090938846,2789.4507090938846,190.0,1089.0377855811316,24000.0
0.08,0.0008,10.0,0.008,600.0,100000,0.05509450709093885,600.0,4909.450709093885,2409.4507090938846,2249.4507090938846,-350.0,10890.377855811317,240000.0
0.08,0.003,2.0,0.0,0.0,100000,0.060978901418187764,0.0,6097.890141818776,3597.890141818776,2597.890141818776,250.0,0.0,0.0
0.08,0.003,2.0,0.0,60.0,100000,0.060978901418187764,60.0,6037.890141818776,3537.890141818776,2537.890141818776,190.0,983.9468833412634,24000.0
0.08,0.003,2.0,0.0,600.0,100000,0.060978901418187764,600.0,5497.890141818776,2997.890141818776,1997.890141818776,-350.0,9839.468833412635,240000.0
0.08,0.003,2.0,0.008,0.0,100000,0.052978901418187764,0.0,5297.890141818776,2797.890141818776,2637.890141818776,250.0,0.0,0.0
0.08,0.003,2.0,0.008,60.0,100000,0.052978901418187764,60.0,5237.890141818776,2737.890141818776,2577.890141818776,190.0,1132.526315077607,24000.0
0.08,0.003,2.0,0.008,600.0,100000,0.052978901418187764,600.0,4697.890141818776,2197.890141818776,2037.890141818776,-350.0,11325.26315077607,240000.0
0.08,0.003,10.0,0.0,0.0,100000,0.06089450709093884,0.0,6089.450709093884,3589.4507090938837,2589.4507090938837,250.0,0.0,0.0
0.08,0.003,10.0,0.0,60.0,100000,0.06089450709093884,60.0,6029.450709093884,3529.4507090938837,2529.4507090938837,190.0,985.3105455044903,24000.0
0.08,0.003,10.0,0.0,600.0,100000,0.06089450709093884,600.0,5489.450709093884,2989.4507090938837,1989.4507090938837,-350.0,9853.105455044903,240000.0
0.08,0.003,10.0,0.008,0.0,100000,0.05289450709093884,0.0,5289.450709093884,2789.4507090938837,2629.4507090938837,250.0,0.0,0.0
0.08,0.003,10.0,0.008,60.0,100000,0.05289450709093884,60.0,5229.450709093884,2729.4507090938837,2569.4507090938837,190.0,1134.333285247276,24000.0
0.08,0.003,10.0,0.008,600.0,100000,0.05289450709093884,600.0,4689.450709093884,2189.4507090938837,2029.4507090938837,-350.0,11343.332852472762,240000.0
